中文名,English name,Scientific name,发现地点
亚历山大鹦鹉,Alexandrine Parakeet,Psittacula eupatria,那邦、盈江湿地公园
淡尾鹟莺,Alström's Warbler,Phylloscopus soror,那邦、石梯村
红脚隼,Amur Falcon,Falco amurensis,石梯村
寿带,Amur Paradise-Flycatcher,Terpsiphone incei,那邦、盈江湿地公园
东亚石䳭,Amur Stonechat,Saxicola stejnegeri,那邦、盈江湿地公园
极北柳莺,Arctic Warbler,Phylloscopus borealis,盈江湿地公园、石梯村
灰短脚鹎,Ashy Bulbul,Hemixos flavala,那邦、盈江湿地公园、石梯村
灰卷尾,Ashy Drongo,Dicrurus leucophaeus,那邦、盈江湿地公园、石梯村
灰山椒鸟,Ashy Minivet,Pericrocotus divaricatus,盈江湿地公园
灰林鸽,Ashy Wood-Pigeon,Columba pulchricollis,那邦
灰燕鵙,Ashy Woodswallow,Artamus fuscus,那邦、盈江湿地公园、石梯村
灰头绿鸠,Ashy-headed Green-Pigeon,Treron phayrei,盈江湿地公园
灰喉柳莺,Ashy-throated Warbler,Phylloscopus maculipennis,那邦、盈江湿地公园、石梯村
斑头鸺鹠,Asian Barred Owlet,Glaucidium cuculoides,那邦、盈江湿地公园、石梯村
北灰鹟,Asian Brown Flycatcher,Muscicapa dauurica,盈江湿地公园、石梯村
翠金鹃,Asian Emerald Cuckoo,Chrysococcyx maculatus,那邦、石梯村
绿翅金鸠,Asian Emerald Dove,Chalcophaps indica,那邦、石梯村
和平鸟,Asian Fairy-bluebird,Irena puella,那邦、石梯村
绿喉蜂虎,Asian Green Bee-eater,Merops orientalis,那邦、盈江湿地公园、石梯村
烟腹毛脚燕,Asian House-Martin,Delichon dasypus,那邦、盈江湿地公园、石梯村
噪鹃,Asian Koel,Eudynamys scolopaceus,那邦、盈江湿地公园、石梯村
钳嘴鹳,Asian Openbill,Anastomus oscitans,盈江湿地公园
棕雨燕,Asian Palm Swift,Cypsiurus balasiensis,那邦、盈江湿地公园、石梯村
鳞头树莺,Asian Stubtail,Urosphena squameiceps,石梯村
大山雀,Asian Tit,Parus cinereus,那邦、盈江湿地公园、石梯村
红顶噪鹛,Assam Laughingthrush,Trochalopteron chrysopterum,石梯村
栗斑杜鹃,Banded Bay Cuckoo,Cacomantis sonneratii,石梯村
崖沙燕,Bank Swallow,Riparia riparia,盈江湿地公园
褐背鹟鵙,Bar-winged Flycatcher-shrike,Hemipus picatus,那邦、盈江湿地公园、石梯村
家燕,Barn Swallow,Hirundo rustica,那邦、盈江湿地公园、石梯村
棕三趾鹑,Barred Buttonquail,Turnix suscitator,那邦、石梯村
斑尾鹃鸠,Barred Cuckoo-Dove,Macropygia unchall,那邦、石梯村
黄嘴栗啄木鸟,Bay Woodpecker,Blythipicus pyrrhotis,那邦、盈江湿地公园、石梯村
黄胸织雀,Baya Weaver,Ploceus philippinus,那邦
丽色奇鹛,Beautiful Sibia,Heterophasia pulchella,那邦、石梯村
松雀鹰,Besra,Tachyspiza virgata,那邦、盈江湿地公园、石梯村
比氏鹟莺,Bianchi's Warbler,Phylloscopus valentini,那邦、盈江湿地公园、石梯村
黑短脚鹎,Black Bulbul,Hypsipetes leucocephalus,那邦、盈江湿地公园、石梯村
黑卷尾,Black Drongo,Dicrurus macrocercus,那邦、盈江湿地公园、石梯村
林雕,Black Eagle,Ictinaetus malaiensis,那邦、盈江湿地公园、石梯村
黑鸢,Black Kite,Milvus migrans,那邦、盈江湿地公园、石梯村
赭红尾鸲,Black Redstart,Phoenicurus ochruros,盈江湿地公园、石梯村
黑鹳,Black Stork,Ciconia nigra,那邦、盈江湿地公园、石梯村
黑天鹅,Black Swan,Cygnus atratus,盈江湿地公园
三趾翠鸟,Black-backed Dwarf-Kingfisher,Ceyx erithaca,那邦
黑背燕尾,Black-backed Forktail,Enicurus immaculatus,那邦、石梯村
黑胸鸫,Black-breasted Thrush,Turdus dissimilis,那邦、盈江湿地公园、石梯村
黑眉苇莺,Black-browed Reed Warbler,Acrocephalus bistrigiceps,那邦
蓝翡翠,Black-capped Kingfisher,Halcyon pileata,那邦、盈江湿地公园
黑领椋鸟,Black-collared Starling,Gracupica nigricollis,那邦、盈江湿地公园
黑冠黄鹎,Black-crested Bulbul,Rubigula flaviventris,那邦、石梯村
夜鹭,Black-crowned Night Heron,Nycticorax nycticorax,那邦、盈江湿地公园
栗喉鵙鹛,Black-eared Shrike-Babbler,Pteruthius melanotis,那邦、石梯村
灰头鹀,Black-faced Bunting,Emberiza spodocephala,那邦、盈江湿地公园、石梯村
黑脸鹟莺,Black-faced Warbler,Abroscopus schisticeps,那邦、石梯村
黑头金翅雀,Black-headed Greenfinch,Chloris ambigua,那邦、盈江湿地公园、石梯村
黑头奇鹛,Black-headed Sibia,Heterophasia desgodinsi,那邦、盈江湿地公园、石梯村
黑头黄鹂,Black-hooded Oriole,Oriolus xanthornus,那邦、石梯村
黑枕王鹟,Black-naped Monarch,Hypothymis azurea,那邦、盈江湿地公园、石梯村
黑枕黄鹂,Black-naped Oriole,Oriolus chinensis,盈江湿地公园、石梯村
斑胸钩嘴鹛,Black-streaked Scimitar-Babbler,Erythrogenys gravivox,那邦、石梯村
黑胸太阳鸟,Black-throated Sunbird,Aethopyga saturata,那邦、石梯村
红头长尾山雀,Black-throated Tit,Aegithalos concinnus,石梯村
暗灰鹃鵙,Black-winged Cuckooshrike,Lalage melaschistos,那邦、盈江湿地公园、石梯村
黑翅鸢,Black-winged Kite,Elanus caeruleus,那邦、盈江湿地公园、石梯村
花头鹦鹉,Blossom-headed Parakeet,Psittacula roseata,石梯村
蓝矶鸫,Blue Rock-Thrush,Monticola solitarius,那邦、石梯村
紫啸鸫,Blue Whistling-Thrush,Myophonus caeruleus,那邦、盈江湿地公园、石梯村
蓝须夜蜂虎,Blue-bearded Bee-eater,Nyctyornis athertoni,那邦、石梯村
蓝耳拟啄木鸟,Blue-eared Barbet,Psilopogon cyanotis,那邦、盈江湿地公园、石梯村
蓝额红尾鸲,Blue-fronted Redstart,Phoenicurus frontalis,那邦、石梯村
蓝枕八色鸫,Blue-naped Pitta,Hydrornis nipalensis,石梯村
栗喉蜂虎,Blue-tailed Bee-eater,Merops philippinus,那邦、石梯村
蓝喉拟啄木鸟,Blue-throated Barbet,Psilopogon asiaticus,那邦、盈江湿地公园、石梯村
蓝喉蜂虎,Blue-throated Bee-eater,Merops viridis,那邦、盈江湿地公园
蓝翅噪鹛,Blue-winged Laughingthrush,Trochalopteron squamatum,石梯村
蓝翅叶鹎,Blue-winged Leafbird,Chloropsis moluccensis,那邦、盈江湿地公园、石梯村
蓝翅希鹛,Blue-winged Minla,Actinodura cyanouroptera,那邦、盈江湿地公园、石梯村
蓝喉歌鸲,Bluethroat,Luscinia svecica,那邦、盈江湿地公园
西南冠纹柳莺,Blyth's Leaf Warbler,Phylloscopus reguloides,那邦、盈江湿地公园、石梯村
东方寿带,Blyth's Paradise-Flycatcher,Terpsiphone affinis,那邦、盈江湿地公园、石梯村
白腹隼雕,Bonelli's Eagle,Aquila fasciata,那邦
靴隼雕,Booted Eagle,Hieraaetus pennatus,盈江湿地公园
黑冠椋鸟,Brahminy Starling,Sturnia pagodarum,那邦
宽嘴鹟莺,Broad-billed Warbler,Tickellia hodgsoni,盈江湿地公园
古铜色卷尾,Bronzed Drongo,Dicrurus aeneus,那邦、盈江湿地公园、石梯村
鹰鸮,Brown Boobook,Ninox scutulata,那邦、石梯村
褐河乌,Brown Dipper,Cinclus pallasii,那邦、石梯村
褐渔鸮,Brown Fish-Owl,Ketupa zeylonensis,那邦、石梯村
红尾伯劳,Brown Shrike,Lanius cristatus,那邦、盈江湿地公园、石梯村
褐林鸮,Brown Wood-Owl,Strix leptogrammica,那邦、石梯村
褐背针尾雨燕,Brown-backed Needletail,Hirundapus giganteus,石梯村
黄臀鹎,Brown-breasted Bulbul,Pycnonotus xanthorrhous,那邦、盈江湿地公园、石梯村
褐胸鹟,Brown-breasted Flycatcher,Muscicapa muttui,那邦
褐脸雀鹛,Brown-cheeked Fulvetta,Alcippe poioicephala,那邦、石梯村
,Brown-crowned Scimitar-Babbler,Pomatorhinus phayrei,那邦、石梯村
小灰山椒鸟,Brown-rumped Minivet,Pericrocotus cantonensis,盈江湿地公园
褐翅鸦雀,Brown-winged Parrotbill,Suthora brunnea,那邦
强脚树莺,Brownish-flanked Bush Warbler,Horornis fortipes,那邦、盈江湿地公园、石梯村
橙斑翅柳莺,Buff-barred Warbler,Phylloscopus pulcher,那邦、盈江湿地公园、石梯村
棕胸雅鹛,Buff-breasted Babbler,Pellorneum tickelli,石梯村
棕腹柳莺,Buff-throated Warbler,Phylloscopus subaffinis,那邦、盈江湿地公园、石梯村
红嘴椋鸟,Burmese Myna,Acridotheres burmannicus,那邦、盈江湿地公园
栗背伯劳,Burmese Shrike,Lanius collurioides,那邦、盈江湿地公园、石梯村
小嘴乌鸦,Carrion Crow,Corvus corone,那邦、盈江湿地公园、石梯村
栗鹀,Chestnut Bunting,Emberiza rutila,那邦、石梯村
栗腹文鸟,Chestnut Munia,Lonchura atricapilla,盈江湿地公园
灰头鸫,Chestnut Thrush,Turdus rubrocanus,石梯村
栗腹矶鸫,Chestnut-bellied Rock-Thrush,Monticola rufiventris,那邦、石梯村
红顶鹛,Chestnut-capped Babbler,Timalia pileata,盈江湿地公园
栗头鹟莺,Chestnut-crowned Warbler,Phylloscopus castaniceps,那邦、盈江湿地公园、石梯村
栗耳鹀,Chestnut-eared Bunting,Emberiza fucata,那邦、盈江湿地公园
栗头蜂虎,Chestnut-headed Bee-eater,Merops leschenaulti,那邦、盈江湿地公园、石梯村
栗头树莺,Chestnut-headed Tesia,Cettia castaneocoronata,那邦、石梯村
灰头椋鸟,Chestnut-tailed Starling,Sturnia malabarica,那邦、盈江湿地公园、石梯村
栗臀䴓,Chestnut-vented Nuthatch,Sitta nagaensis,那邦、盈江湿地公园、石梯村
乌鸫,Chinese Blackbird,Turdus mandarinus,盈江湿地公园、石梯村
中华仙鹟,Chinese Blue Flycatcher,Cyornis glaucicomans,那邦、盈江湿地公园、石梯村
中华鹧鸪,Chinese Francolin,Francolinus pintadeanus,那邦
云南柳莺,Chinese Leaf Warbler,Phylloscopus yunnanensis,那邦、盈江湿地公园、石梯村
池鹭,Chinese Pond-Heron,Ardeola bacchus,那邦、盈江湿地公园
白须黑胸歌鸲,Chinese Rubythroat,Calliope tschebaiewi,盈江湿地公园、石梯村
棕腹蓝仙鹟,Chinese Vivid Niltava,Niltava oatesi,那邦、石梯村
栗苇鳽,Cinnamon Bittern,Botaurus cinnamomeus,那邦、盈江湿地公园
黄头鹡鸰,Citrine Wagtail,Motacilla citreola,那邦、盈江湿地公园
噪苇莺,Clamorous Reed Warbler,Acrocephalus stentoreus,盈江湿地公园
冠纹柳莺,Claudia's Leaf Warbler,Phylloscopus claudiae,石梯村
红腿小隼,Collared Falconet,Microhierax caerulescens,石梯村
白领八哥,Collared Myna,Acridotheres albocinctus,那邦、盈江湿地公园
领鸺鹠,Collared Owlet,Taenioptynx brodiei,那邦、盈江湿地公园、石梯村
领角鸮,Collared Scops-Owl,Otus lettia,那邦、盈江湿地公园、石梯村
黑额树鹊,Collared Treepie,Dendrocitta frontalis,那邦、石梯村
灰鹤,Common Crane,Grus grus,盈江湿地公园
大杜鹃,Common Cuckoo,Cuculus canorus,那邦、盈江湿地公园、石梯村
蓝绿鹊,Common Green-Magpie,Cissa chinensis,那邦、石梯村
青脚鹬,Common Greenshank,Tringa nebularia,那邦、盈江湿地公园
鹩哥,Common Hill Myna,Gracula religiosa,那邦、盈江湿地公园、石梯村
戴胜,Common Hoopoe,Upupa epops,那邦、盈江湿地公园、石梯村
黑翅雀鹎,Common Iora,Aegithina tiphia,那邦、盈江湿地公园、石梯村
普通翠鸟,Common Kingfisher,Alcedo atthis,那邦、盈江湿地公园
普通秋沙鸭,Common Merganser,Mergus merganser,那邦、盈江湿地公园
家八哥,Common Myna,Acridotheres tristis,那邦、盈江湿地公园、石梯村
红头潜鸭,Common Pochard,Aythya ferina,盈江湿地公园
普通朱雀,Common Rosefinch,Carpodacus erythrinus,那邦、盈江湿地公园、石梯村
矶鹬,Common Sandpiper,Actitis hypoleucos,那邦、盈江湿地公园
扇尾沙锥,Common Snipe,Gallinago gallinago,那邦、盈江湿地公园
长尾缝叶莺,Common Tailorbird,Orthotomus sutorius,那邦、盈江湿地公园、石梯村
库氏白腰雨燕,Cook's Swift,Apus cooki,盈江湿地公园、石梯村
赤胸拟啄木鸟,Coppersmith Barbet,Psilopogon haemacephalus,那邦、盈江湿地公园、石梯村
凤头鹀,Crested Bunting,Emberiza lathami,那邦、盈江湿地公园、石梯村
凤头雀嘴鹎,Crested Finchbill,Spizixos canifrons,那邦、石梯村
凤头鹰,Crested Goshawk,Lophospiza trivirgata,那邦、盈江湿地公园、石梯村
冠鱼狗,Crested Kingfisher,Megaceryle lugubris,那邦、石梯村
八哥,Crested Myna,Acridotheres cristatellus,那邦、盈江湿地公园
蛇雕,Crested Serpent-Eagle,Spilornis cheela,那邦、盈江湿地公园、石梯村
凤头雨燕,Crested Treeswift,Hemiprocne coronata,那邦、盈江湿地公园、石梯村
黄腰太阳鸟,Crimson Sunbird,Aethopyga siparaja,那邦、盈江湿地公园、石梯村
鸦嘴卷尾,Crow-billed Drongo,Dicrurus annectens,那邦、石梯村
黑喉缝叶莺,Dark-necked Tailorbird,Orthotomus atrogularis,那邦、石梯村
乌鹟,Dark-sided Flycatcher,Muscicapa sibirica,那邦
长嘴地鸫,Dark-sided Thrush,Zoothera marginata,盈江湿地公园、石梯村
北红尾鸲,Daurian Redstart,Phoenicurus auroreus,那邦、盈江湿地公园、石梯村
云南白斑尾柳莺,Davison's Leaf Warbler,Phylloscopus intensior,那邦、盈江湿地公园、石梯村
三宝鸟,Dollarbird,Eurystomus orientalis,那邦、石梯村
褐柳莺,Dusky Warbler,Phylloscopus fuscatus,那邦、盈江湿地公园、石梯村
普通鵟,Eastern Buzzard,Buteo japonicus,那邦、盈江湿地公园、石梯村
牛背鹭,Eastern Cattle-Egret,Ardea coromanda,那邦、盈江湿地公园、石梯村
白腹鹞,Eastern Marsh Harrier,Circus spilonotus,那邦
金腰燕,Eastern Red-rumped Swallow,Cecropis daurica,那邦、盈江湿地公园、石梯村
斑嘴鸭,Eastern Spot-billed Duck,Anas zonorhyncha,盈江湿地公园
黄鹡鸰,Eastern Yellow Wagtail,Motacilla tschutschensis,那邦、盈江湿地公园
白骨顶,Eurasian Coot,Fulica atra,盈江湿地公园
燕隼,Eurasian Hobby,Falco subbuteo,盈江湿地公园、石梯村
红隼,Eurasian Kestrel,Falco tinnunculus,那邦、盈江湿地公园、石梯村
黑水鸡,Eurasian Moorhen,Gallinula chloropus,那邦、盈江湿地公园
雀鹰,Eurasian Sparrowhawk,Accipiter nisus,那邦、盈江湿地公园、石梯村
麻雀,Eurasian Tree Sparrow,Passer montanus,那邦、盈江湿地公园、石梯村
蚁䴕,Eurasian Wryneck,Jynx torquilla,那邦、盈江湿地公园、石梯村
紫翅椋鸟,European Starling,Sturnus vulgaris,那邦
白眉鸫,Eyebrowed Thrush,Turdus obscurus,那邦、石梯村
纹胸鹪鹛,Eyebrowed Wren-Babbler,Napothera epilepidota,石梯村
罗纹鸭,Falcated Duck,Mareca falcata,盈江湿地公园
白眼潜鸭,Ferruginous Duck,Aythya nyroca,盈江湿地公园
棕尾褐鹟,Ferruginous Flycatcher,Muscicapa ferruginea,那邦、石梯村
红胸啄花鸟,Fire-breasted Flowerpecker,Dicaeum ignipectus,那邦、盈江湿地公园、石梯村
火冠雀,Fire-capped Tit,Cephalopyrus flammiceps,那邦、盈江湿地公园、石梯村
火尾太阳鸟,Fire-tailed Sunbird,Aethopyga ignicauda,那邦、石梯村
黄绿鹎,Flavescent Bulbul,Pycnonotus flavescens,那邦、石梯村
棕腹大仙鹟,Fujian Niltava,Niltava davidi,那邦、石梯村
,Golden Babbler,Cyanoderma chrysaeum,那邦、石梯村
金色林鸲,Golden Bush-Robin,Tarsiger chrysaeus,石梯村
金额叶鹎,Golden-fronted Leafbird,Chloropsis aurifrons,那邦、石梯村
金喉拟啄木鸟,Golden-throated Barbet,Psilopogon franklinii,那邦、盈江湿地公园、石梯村
灰林䳭,Gray Bushchat,Saxicola ferreus,那邦、盈江湿地公园、石梯村
苍鹭,Gray Heron,Ardea cinerea,那邦、盈江湿地公园、石梯村
普通夜鹰,Gray Nightjar,Caprimulgus jotaka,石梯村
灰孔雀雉,Gray Peacock-Pheasant,Polyplectron bicalcaratum,那邦、石梯村
灰奇鹛,Gray Sibia,Heterophasia gracilis,那邦、石梯村
灰树鹊,Gray Treepie,Dendrocitta formosae,那邦、盈江湿地公园、石梯村
灰鹡鸰,Gray Wagtail,Motacilla cinerea,那邦、盈江湿地公园、石梯村
灰背伯劳,Gray-backed Shrike,Lanius tephronotus,那邦、盈江湿地公园、石梯村
灰腹地莺,Gray-bellied Tesia,Tesia cyaniventer,那邦、石梯村
长尾鹩鹛,Gray-bellied Wren-Babbler,Spelaeornis reptatus,石梯村
灰胸山鹪莺,Gray-breasted Prinia,Prinia hodgsonii,那邦、盈江湿地公园、石梯村
星头啄木鸟,Gray-capped Pygmy Woodpecker,Yungipicus canicapillus,那邦、盈江湿地公园、石梯村
灰脸鹟莺,Gray-cheeked Warbler,Phylloscopus poliogenys,石梯村
灰喉山椒鸟,Gray-chinned Minivet,Pericrocotus solaris,那邦、盈江湿地公园、石梯村
灰冠鹟莺,Gray-crowned Warbler,Phylloscopus tephrocephalus,那邦、盈江湿地公园、石梯村
灰眼短脚鹎,Gray-eyed Bulbul,Iole propinqua,那邦、石梯村
方尾鹟,Gray-headed Canary-Flycatcher,Culicicapa ceylonensis,那邦、盈江湿地公园、石梯村
灰头麦鸡,Gray-headed Lapwing,Vanellus cinereus,那邦、盈江湿地公园、石梯村
灰头鹦鹉,Gray-headed Parakeet,Psittacula finschii,那邦、盈江湿地公园、石梯村
灰头鸦雀,Gray-headed Parrotbill,Paradoxornis gularis,那邦、石梯村
灰头绿啄木鸟,Gray-headed Woodpecker,Picus canus,那邦、盈江湿地公园、石梯村
,Gray-lored Broadbill,Serilophus rubropygius,那邦、石梯村
棕顶树莺,Gray-sided Bush Warbler,Cettia brunnifrons,那邦
灰胁噪鹛,Gray-sided Laughingthrush,Pterorhinus caerulatus,石梯村
黑头穗鹛,Gray-throated Babbler,Stachyris nigriceps,那邦、石梯村
灰喉沙燕,Gray-throated Martin,Riparia chinensis,那邦、盈江湿地公园、石梯村
灰翅鸫,Gray-winged Blackbird,Turdus boulboul,盈江湿地公园、石梯村
大拟啄木鸟,Great Barbet,Psilopogon virens,那邦、盈江湿地公园、石梯村
普通鸬鹚,Great Cormorant,Phalacrocorax carbo,那邦、盈江湿地公园、石梯村
毛腿夜鹰,Great Eared-Nightjar,Lyncornis macrotis,石梯村
大白鹭,Great Egret,Ardea alba,那邦、盈江湿地公园
双角犀鸟,Great Hornbill,Buceros bicornis,那邦、石梯村
林八哥,Great Myna,Acridotheres grandis,那邦、盈江湿地公园、石梯村
大灰啄木鸟,Great Slaty Woodpecker,Mulleripicus pulverulentus,石梯村
大斑啄木鸟,Great Spotted Woodpecker,Dendrocopos major,石梯村
褐翅鸦鹃,Greater Coucal,Centropus sinensis,那邦、盈江湿地公园、石梯村
大金背啄木鸟,Greater Flameback,Chrysocolaptes guttacristatus,那邦、石梯村
黑领噪鹛,Greater Necklaced Laughingthrush,Pterorhinus pectoralis,那邦、石梯村
彩鹬,Greater Painted-Snipe,Rostratula benghalensis,那邦、盈江湿地公园
大盘尾,Greater Racket-tailed Drongo,Dicrurus paradiseus,那邦、石梯村
乌雕,Greater Spotted Eagle,Clanga clanga,石梯村
大黄冠啄木鸟,Greater Yellownape,Chrysophlegma flavinucha,那邦、石梯村
绿宽嘴鸫,Green Cochoa,Cochoa viridis,盈江湿地公园、石梯村
白腰草鹬,Green Sandpiper,Tringa ochropus,那邦、盈江湿地公园
绿背山雀,Green-backed Tit,Parus monticolus,盈江湿地公园
绿嘴地鹃,Green-billed Malkoha,Phaenicophaeus tristis,那邦、盈江湿地公园、石梯村
绿喉太阳鸟,Green-tailed Sunbird,Aethopyga nipalensis,石梯村
暗绿柳莺,Greenish Warbler,Phylloscopus trochiloides,那邦、盈江湿地公园、石梯村
海南蓝仙鹟,Hainan Blue Flycatcher,Cyornis hainanus,石梯村
发冠卷尾,Hair-crested Drongo,Dicrurus hottentottus,那邦、盈江湿地公园、石梯村
白尾鹞,Hen Harrier,Circus cyaneus,那邦、盈江湿地公园
山蓝仙鹟,Hill Blue Flycatcher,Cyornis whitei,那邦、盈江湿地公园、石梯村
环颈山鹧鸪,Hill Partridge,Arborophila torqueola,那邦、石梯村
白喉山鹪莺,Hill Prinia,Prinia superciliaris,那邦、盈江湿地公园、石梯村
蓝眉林鸲,Himalayan Bluetail,Tarsiger rufilatus,那邦、盈江湿地公园、石梯村
喜山鵟,Himalayan Buzzard,Buteo refectus,那邦、盈江湿地公园、石梯村
中杜鹃,Himalayan Cuckoo,Cuculus saturatus,那邦、盈江湿地公园
斑胁姬鹛,Himalayan Cutia,Cutia nipalensis,石梯村
高山兀鹫,Himalayan Griffon,Gyps himalayensis,石梯村
灰林鸮,Himalayan Owl,Strix nivicolum,石梯村
喜山山鹪莺,Himalayan Prinia,Prinia crinigera,盈江湿地公园
喜山蓝短翅鸫,Himalayan Shortwing,Brachypteryx cruralis,石梯村
短嘴金丝燕,Himalayan Swiftlet,Aerodramus brevirostris,那邦、盈江湿地公园、石梯村
黑顶蛙口夜鹰,Hodgson's Frogmouth,Batrachostomus hodgsoni,那邦、石梯村
棕腹鹰鹃,Hodgson's Hawk-Cuckoo,Hierococcyx nisicolor,石梯村
黑喉红尾鸲,Hodgson's Redstart,Phoenicurus hodgsoni,那邦、盈江湿地公园、石梯村
小白腰雨燕,House Swift,Apus nipalensis,那邦、盈江湿地公园、石梯村
淡眉柳莺,Hume's Warbler,Phylloscopus humei,那邦、盈江湿地公园、石梯村
鹮嘴鹬,Ibisbill,Ibidorhyncha struthersii,那邦
白肩雕,Imperial Eagle,Aquila heliaca,石梯村
四声杜鹃,Indian Cuckoo,Cuculus micropterus,那邦、盈江湿地公园、石梯村
蓝孔雀,Indian Peafowl,Pavo cristatus,盈江湿地公园
斑椋鸟,Indian Pied Starling,Gracupica contra,那邦、盈江湿地公园
印度池鹭,Indian Pond-Heron,Ardeola grayii,那邦
南亚斑嘴鸭,Indian Spot-billed Duck,Anas poecilorhyncha,那邦、盈江湿地公园
灰腹绣眼鸟,Indian White-eye,Zosterops palpebrosus,那邦、盈江湿地公园、石梯村
棕胸佛法僧,Indochinese Roller,Coracias affinis,那邦、石梯村
褐冠鹃隼,Jerdon's Baza,Aviceda jerdoni,那邦、盈江湿地公园、石梯村
黑鹇,Kalij Pheasant,Lophura leucomelanos,那邦、石梯村
环颈鸻,Kentish Plover,Anarhynchus alexandrinus,盈江湿地公园
白斑尾柳莺,Kloss's Leaf Warbler,Phylloscopus ogilviegranti,盈江湿地公园、石梯村
大鹰鹃,Large Hawk-Cuckoo,Hierococcyx sparverioides,那邦、盈江湿地公园、石梯村
大仙鹟,Large Niltava,Niltava grandis,那邦、盈江湿地公园、石梯村
长嘴钩嘴鹛,Large Scimitar-Babbler,Erythrogenys hypoleucos,石梯村
钩嘴林鵙,Large Woodshrike,Tephrodornis virgatus,那邦、盈江湿地公园、石梯村
大嘴乌鸦,Large-billed Crow,Corvus macrorhynchos,那邦、盈江湿地公园、石梯村
乌嘴柳莺,Large-billed Leaf Warbler,Phylloscopus magnirostris,那邦、盈江湿地公园、石梯村
长尾夜鹰,Large-tailed Nightjar,Caprimulgus macrurus,那邦、盈江湿地公园、石梯村
小鸦鹃,Lesser Coucal,Centropus bengalensis,那邦、石梯村
小杜鹃,Lesser Cuckoo,Cuculus poliocephalus,石梯村
小黑领噪鹛,Lesser Necklaced Laughingthrush,Garrulax monileger,那邦、石梯村
小盘尾,Lesser Racket-tailed Drongo,Dicrurus remifer,那邦、石梯村
白喉短翅鸫,Lesser Shortwing,Brachypteryx leucophris,那邦、盈江湿地公园、石梯村
栗树鸭,Lesser Whistling-Duck,Dendrocygna javanica,那邦
黄冠啄木鸟,Lesser Yellownape,Picus chlorolophus,那邦、石梯村
绿拟啄木鸟,Lineated Barbet,Psilopogon lineatus,那邦、石梯村
小鹀,Little Bunting,Emberiza pusilla,那邦、盈江湿地公园、石梯村
黑颈鸬鹚,Little Cormorant,Microcarbo niger,盈江湿地公园、石梯村
白鹭,Little Egret,Egretta garzetta,那邦、盈江湿地公园、石梯村
小燕尾,Little Forktail,Enicurus scouleri,石梯村
小䴙䴘,Little Grebe,Tachybaptus ruficollis,盈江湿地公园
绿鹭,Little Heron,Butorides atricapilla,那邦、盈江湿地公园、石梯村
小斑姬鹟,Little Pied Flycatcher,Ficedula westermanni,那邦、盈江湿地公园、石梯村
金眶鸻,Little Ringed Plover,Thinornis dubius,那邦、盈江湿地公园
长嘴捕蛛鸟,Little Spiderhunter,Arachnothera longirostra,那邦、石梯村
长尾阔嘴鸟,Long-tailed Broadbill,Psarisomus dalhousiae,那邦、石梯村
长尾山椒鸟,Long-tailed Minivet,Pericrocotus ethologus,盈江湿地公园、石梯村
棕背伯劳,Long-tailed Shrike,Lanius schach,那邦、盈江湿地公园、石梯村
长尾奇鹛,Long-tailed Sibia,Heterophasia picaoides,那邦、石梯村
长尾地鸫,Long-tailed Thrush,Zoothera dixoni,那邦、石梯村
绿头鸭,Mallard,Anas platyrhynchos,盈江湿地公园
远东树莺,Manchurian Bush Warbler,Horornis canturians,盈江湿地公园
鸳鸯,Mandarin Duck,Aix galericulata,盈江湿地公园
朱鹂,Maroon Oriole,Oriolus traillii,那邦、盈江湿地公园、石梯村
中白鹭,Medium Egret,Ardea intermedia,那邦、盈江湿地公园、石梯村
棕胸竹鸡,Mountain Bamboo-Partridge,Bambusicola fytchii,那邦、石梯村
绿翅短脚鹎,Mountain Bulbul,Ixos mcclellandii,那邦、盈江湿地公园、石梯村
鹰雕,Mountain Hawk-Eagle,Nisaetus nipalensis,那邦、石梯村
山皇鸠,Mountain Imperial-Pigeon,Ducula badia,那邦、石梯村
黄嘴角鸮,Mountain Scops-Owl,Otus spilocephalus,那邦、石梯村
栗头织叶莺,Mountain Tailorbird,Phyllergates cucullatus,那邦、盈江湿地公园、石梯村
蓝喉太阳鸟,Mrs. Gould's Sunbird,Aethopyga gouldiae,那邦、盈江湿地公园、石梯村
番鸭,Muscovy Duck,Cairina moschata,那邦、石梯村
瑙蒙短尾鹛,Naung Mung Scimitar-Babbler,Napothera naungmungensis,石梯村
白眶雀鹛,Nepal Fulvetta,Alcippe nipalensis,那邦、石梯村
黑喉毛脚燕,Nepal House-Martin,Delichon nipalense,那邦、石梯村
凤头麦鸡,Northern Lapwing,Vanellus vanellus,盈江湿地公园
树鹨,Olive-backed Pipit,Anthus hodgsoni,那邦、盈江湿地公园、石梯村
西南橙腹叶鹎,Orange-bellied Leafbird,Chloropsis hardwickii,那邦、盈江湿地公园、石梯村
橙头地鸫,Orange-headed Thrush,Geokichla citrina,那邦、石梯村
东方鹃鵙,Oriental Cuckooshrike,Coracina javensis,那邦、石梯村
黑腹蛇鹈,Oriental Darter,Anhinga melanogaster,石梯村
猛隼,Oriental Hobby,Falco severus,那邦、石梯村
凤头蜂鹰,Oriental Honey-buzzard,Pernis ptilorhynchus,那邦、盈江湿地公园、石梯村
喜鹊,Oriental Magpie,Pica serica,那邦、石梯村
鹊鸲,Oriental Magpie-Robin,Copsychus saularis,那邦、盈江湿地公园、石梯村
冠斑犀鸟,Oriental Pied-Hornbill,Anthracoceros albirostris,那邦、石梯村
东方大苇莺,Oriental Reed Warbler,Acrocephalus orientalis,那邦
红角鸮,Oriental Scops-Owl,Otus sunia,石梯村
小云雀,Oriental Skylark,Alauda gulgula,盈江湿地公园
山斑鸠,Oriental Turtle-Dove,Streptopelia orientalis,那邦、盈江湿地公园、石梯村
,Ornate Sunbird,Cinnyris ornatus,盈江湿地公园
鹗,Osprey,Pandion haliaetus,那邦、盈江湿地公园、石梯村
白腰雨燕,Pacific Swift,Apus pacificus,那邦、盈江湿地公园、石梯村
东方田鹨,Paddyfield Pipit,Anthus rufulus,那邦、盈江湿地公园
稻田苇莺,Paddyfield Warbler,Acrocephalus agricola,盈江湿地公园
纯蓝仙鹟,Pale Blue Flycatcher,Cyornis unicolor,石梯村
淡色崖沙燕,Pale Martin,Riparia diluta,那邦、盈江湿地公园
淡嘴鸦雀,Pale-billed Parrotbill,Suthora atrosuperciliaris,那邦、石梯村
灰颊仙鹟,Pale-chinned Flycatcher,Cyornis poliogenys,石梯村
竹啄木鸟,Pale-headed Woodpecker,Gecinulus grantia,那邦、石梯村
黄腰柳莺,Pallas's Leaf Warbler,Phylloscopus proregulus,盈江湿地公园、石梯村
游隼,Peregrine Falcon,Falco peregrinus,那邦、盈江湿地公园、石梯村
水雉,Pheasant-tailed Jacana,Hydrophasianus chirurgus,盈江湿地公园
白斑黑石䳭,Pied Bushchat,Saxicola caprata,那邦、盈江湿地公园、石梯村
斑翅凤头鹃,Pied Cuckoo,Clamator jacobinus,盈江湿地公园
鹊鹞,Pied Harrier,Circus melanoleucos,盈江湿地公园
斑鱼狗,Pied Kingfisher,Ceryle rudis,那邦、盈江湿地公园、石梯村
,Pin-striped Tit-Babbler,Mixornis gularis,那邦、石梯村
针尾绿鸠,Pin-tailed Green-Pigeon,Treron apicauda,那邦、盈江湿地公园、石梯村
纯色啄花鸟,Plain Flowerpecker,Dicaeum minullum,那邦、石梯村
纯色山鹪莺,Plain Prinia,Prinia inornata,那邦、盈江湿地公园、石梯村
八声杜鹃,Plaintive Cuckoo,Cacomantis merulinus,那邦、盈江湿地公园、石梯村
红尾水鸲,Plumbeous Redstart,Phoenicurus fuliginosus,那邦、盈江湿地公园、石梯村
棕头幽鹛,Puff-throated Babbler,Pellorneum ruficeps,那邦、盈江湿地公园、石梯村
白喉冠鹎,Puff-throated Bulbul,Alophoixus pallidus,那邦、石梯村
紫宽嘴鸫,Purple Cochoa,Cochoa purpurea,石梯村
草鹭,Purple Heron,Ardea purpurea,那邦
紫花蜜鸟,Purple Sunbird,Cinnyris asiaticus,那邦、石梯村
蓝枕花蜜鸟,Purple-naped Spiderhunter,Kurochkinegramma hypogrammicum,石梯村
小鳞胸鹪鹛,Pygmy Cupwing,Pnoepyga pusilla,那邦、石梯村
巨嘴柳莺,Radde's Warbler,Phylloscopus schwarzi,那邦
红梅花雀,Red Avadavat,Amandava amandava,盈江湿地公园
火斑鸠,Red Collared-Dove,Streptopelia tranquebarica,那邦、盈江湿地公园、石梯村
红原鸡,Red Junglefowl,Gallus gallus,那邦、石梯村
红嘴蓝鹊,Red-billed Blue-Magpie,Urocissa erythroryncha,石梯村
红嘴相思鸟,Red-billed Leiothrix,Leiothrix lutea,那邦、石梯村
红嘴钩嘴鹛,Red-billed Scimitar-Babbler,Pomatorhinus ochraceiceps,那邦、石梯村
丝光椋鸟,Red-billed Starling,Spodiopsar sericeus,那邦、盈江湿地公园
绯胸鹦鹉,Red-breasted Parakeet,Psittacula alexandri,那邦
红胁蓝尾鸲,Red-flanked Bluetail,Tarsiger cyanurus,那邦、石梯村
红头咬鹃,Red-headed Trogon,Harpactes erythrocephalus,那邦、石梯村
红尾噪鹛,Red-tailed Laughingthrush,Trochalopteron milnei,那邦、石梯村
火尾希鹛,Red-tailed Minla,Minla ignotincta,那邦、盈江湿地公园、石梯村
红喉鹨,Red-throated Pipit,Anthus cervinus,那邦、盈江湿地公园
黑喉红臀鹎,Red-vented Bulbul,Pycnonotus cafer,那邦、盈江湿地公园、石梯村
肉垂麦鸡,Red-wattled Lapwing,Vanellus indicus,那邦、盈江湿地公园
红耳鹎,Red-whiskered Bulbul,Pycnonotus jocosus,那邦、盈江湿地公园、石梯村
田鹨,Richard's Pipit,Anthus richardi,那邦、盈江湿地公园
距翅麦鸡,River Lapwing,Vanellus duvaucelii,那邦、盈江湿地公园、石梯村
河燕鸥,River Tern,Sterna aurantia,盈江湿地公园
原鸽,Rock Pigeon,Columba livia,那邦
红领绿鹦鹉,Rose-ringed Parakeet,Psittacula krameri,那邦
粉红山椒鸟,Rosy Minivet,Pericrocotus roseus,盈江湿地公园、石梯村
粉红胸鹨,Rosy Pipit,Anthus roseatus,那邦、盈江湿地公园、石梯村
紫颊太阳鸟,Ruby-cheeked Sunbird,Chalcoparia singalensis,那邦
赤翡翠,Ruddy Kingfisher,Halcyon coromanda,那邦、石梯村
赤麻鸭,Ruddy Shelduck,Tadorna ferruginea,那邦、盈江湿地公园、石梯村
红胸田鸡,Ruddy-breasted Crake,Zapornia fusca,那邦、盈江湿地公园
暗冕山鹪莺,Rufescent Prinia,Prinia rufescens,那邦、盈江湿地公园、石梯村
棕腹树鹊,Rufous Treepie,Dendrocitta vagabunda,那邦
栗啄木鸟,Rufous Woodpecker,Micropternus brachyurus,那邦、盈江湿地公园、石梯村
栗背奇鹛,Rufous-backed Sibia,Leioptila annectens,那邦、石梯村
棕腹隼雕,Rufous-bellied Eagle,Lophotriorchis kienerii,那邦、石梯村
棕腹仙鹟,Rufous-bellied Niltava,Niltava sundara,那邦、盈江湿地公园、石梯村
,Rufous-capped Babbler,Cyanoderma ruficeps,那邦、盈江湿地公园、石梯村
棕脸鹟莺,Rufous-faced Warbler,Abroscopus albogularis,那邦、石梯村
,Rufous-fronted Babbler,Cyanoderma rufifrons,石梯村
橙胸姬鹟,Rufous-gorgeted Flycatcher,Ficedula strophiata,那邦、石梯村
,Rufous-headed Parrotbill,Paradoxornis bakeri,那邦、盈江湿地公园、石梯村
栗颈噪鹛,Rufous-necked Laughingthrush,Pterorhinus ruficollis,那邦、盈江湿地公园
红尾歌鸲,Rufous-tailed Robin,Larvivora sibilans,盈江湿地公园
红喉山鹧鸪,Rufous-throated Partridge,Arborophila rufogularis,那邦、石梯村
棕臀凤鹛,Rufous-vented Yuhina,Yuhina occipitalis,石梯村
高山短翅蝗莺,Russet Bush Warbler,Locustella mandelli,那邦
褐胁雀鹛,Rusty-capped Fulvetta,Schoeniparus dubius,那邦、石梯村
栗额斑翅鹛,Rusty-fronted Barwing,Actinodura egertoni,那邦、石梯村
栗头八色鸫,Rusty-naped Pitta,Hydrornis oatesi,石梯村
玉头姬鹟,Sapphire Flycatcher,Ficedula sapphira,那邦、盈江湿地公园、石梯村
林夜鹰,Savanna Nightjar,Caprimulgus affinis,那邦
斑文鸟,Scaly-breasted Munia,Lonchura punctulata,那邦、盈江湿地公园、石梯村
赤红山椒鸟,Scarlet Minivet,Pericrocotus speciosus,那邦、盈江湿地公园、石梯村
红翅薮鹛,Scarlet-faced Liocichla,Liocichla ripponi,石梯村
褐耳鹰,Shikra,Tachyspiza badia,那邦、盈江湿地公园、石梯村
短嘴山椒鸟,Short-billed Minivet,Pericrocotus brevirostris,那邦、盈江湿地公园、石梯村
红喉歌鸲,Siberian Rubythroat,Calliope calliope,那邦、盈江湿地公园、石梯村
黑喉石䳭,Siberian Stonechat,Saxicola maurus,那邦、盈江湿地公园、石梯村
四川柳莺,Sichuan Leaf Warbler,Phylloscopus forresti,那邦、盈江湿地公园、石梯村
白鹇,Silver Pheasant,Lophura nycthemera,石梯村
灰喉针尾雨燕,Silver-backed Needletail,Hirundapus cochinchinensis,那邦、石梯村
银胸丝冠鸟,Silver-breasted Broadbill,Serilophus lunatus,石梯村
锈胸蓝姬鹟,Slaty-backed Flycatcher,Ficedula erithacus,盈江湿地公园、石梯村
灰背燕尾,Slaty-backed Forktail,Enicurus schistaceus,那邦、石梯村
金冠地莺,Slaty-bellied Tesia,Tesia olivea,那邦、石梯村
灰蓝姬鹟,Slaty-blue Flycatcher,Ficedula tricolor,盈江湿地公园、石梯村
灰胸秧鸡,Slaty-breasted Rail,Lewinia striata,那邦、盈江湿地公园
细嘴黄鹂,Slender-billed Oriole,Oriolus tenuirostris,那邦、盈江湿地公园、石梯村
小仙鹟,Small Niltava,Niltava macgrigoriae,那邦、石梯村
灰燕鸻,Small Pratincole,Glareola lactea,那邦、盈江湿地公园
棕胸蓝姬鹟,Snowy-browed Flycatcher,Ficedula hyperythra,那邦、盈江湿地公园、石梯村
白喉红臀鹎,Sooty-headed Bulbul,Pycnonotus aurigaster,那邦、盈江湿地公园、石梯村
斑姬啄木鸟,Speckled Piculet,Picumnus innominatus,那邦、盈江湿地公园、石梯村
斑林鸽,Speckled Wood-Pigeon,Columba hodgsonii,石梯村
林雕鸮,Spot-bellied Eagle-Owl,Ketupa nipalensis,那邦、石梯村
点胸鸦雀,Spot-breasted Parrotbill,Paradoxornis guttaticollis,盈江湿地公园
白腹幽鹛,Spot-throated Babbler,Pellorneum albiventre,石梯村
白点翅拟蜡嘴雀,Spot-winged Grosbeak,Mycerobas melanozanthos,那邦、盈江湿地公园
斑翅椋鸟,Spot-winged Starling,Saroglossa spilopterus,石梯村
斑胸短翅蝗莺,Spotted Bush Warbler,Locustella thoracica,盈江湿地公园
珠颈斑鸠,Spotted Dove,Spilopelia chinensis,那邦、盈江湿地公园、石梯村
,Spotted Elachura,Elachura formosa,那邦、石梯村
斑背燕尾,Spotted Forktail,Enicurus maculatus,那邦、石梯村
乌鹃,Square-tailed Drongo-Cuckoo,Surniculus lugubris,那邦、石梯村
草原雕,Steppe Eagle,Aquila nipalensis,那邦、盈江湿地公园、石梯村
鹳嘴翡翠,Stork-billed Kingfisher,Pelargopsis capensis,那邦
纹胸钩嘴鹛,Streak-breasted Scimitar-Babbler,Pomatorhinus ruficollis,那邦、盈江湿地公园、石梯村
纹胸斑翅鹛,Streak-throated Barwing,Actinodura waldeni,那邦
纹背捕蛛鸟,Streaked Spiderhunter,Arachnothera magna,那邦、盈江湿地公园、石梯村
纹胸织雀,Streaked Weaver,Ploceus manyar,那邦
短尾鹪鹛,Streaked Wren-Babbler,Gypsophila brevicaudata,那邦、石梯村
纵纹绿鹎,Striated Bulbul,Alcurus striatus,那邦、盈江湿地公园、石梯村
沼泽大尾莺,Striated Grassbird,Megalurus palustris,那邦、盈江湿地公园
栗耳凤鹛,Striated Yuhina,Staphida castaniceps,那邦、石梯村
纹胸啄木鸟,Stripe-breasted Woodpecker,Dendrocopos atratus,那邦、石梯村
黑眉柳莺,Sulphur-breasted Warbler,Phylloscopus ricketti,盈江湿地公园、石梯村
冕雀,Sultan Tit,Melanochlora sultanea,石梯村
暗绿绣眼鸟,Swinhoe's White-eye,Zosterops simplex,那邦、盈江湿地公园、石梯村
红喉姬鹟,Taiga Flycatcher,Ficedula albicilla,那邦、盈江湿地公园、石梯村
青脚滨鹬,Temminck's Stint,Calidris temminckii,盈江湿地公园
厚嘴啄花鸟,Thick-billed Flowerpecker,Pachyglossa agilis,盈江湿地公园、石梯村
厚嘴绿鸠,Thick-billed Green-Pigeon,Treron curvirostra,那邦、盈江湿地公园、石梯村
厚嘴苇莺,Thick-billed Warbler,Arundinax aedon,那邦、盈江湿地公园
藏黄雀,Tibetan Serin,Spinus thibetanus,石梯村
黄腹柳莺,Tickell's Leaf Warbler,Phylloscopus affinis,那邦、盈江湿地公园、石梯村
双斑绿柳莺,Two-barred Warbler,Phylloscopus plumbeitarsus,那邦、盈江湿地公园、石梯村
白眉蓝姬鹟,Ultramarine Flycatcher,Ficedula superciliaris,石梯村
大鵟,Upland Buzzard,Buteo hemilasius,那邦、盈江湿地公园、石梯村
绒额䴓,Velvet-fronted Nuthatch,Sitta frontalis,那邦、盈江湿地公园、石梯村
铜蓝鹟,Verditer Flycatcher,Eumyias thalassinus,那邦、盈江湿地公园、石梯村
董鸡,Watercock,Gallicrex cinerea,盈江湿地公园
楔尾绿鸠,Wedge-tailed Green-Pigeon,Treron sphenurus,那邦、石梯村
绿胸八色鸫,Western Hooded Pitta,Pitta sordida,那邦、石梯村
黄颈凤鹛,Whiskered Yuhina,Yuhina flavicollis,那邦、盈江湿地公园、石梯村
白鹡鸰,White Wagtail,Motacilla alba,那邦、盈江湿地公园、石梯村
白腹凤鹛,White-bellied Erpornis,Erpornis zantholeuca,那邦、盈江湿地公园、石梯村
白胸苦恶鸟,White-breasted Waterhen,Amaurornis phoenicurus,那邦、盈江湿地公园、石梯村
白颊噪鹛,White-browed Laughingthrush,Pterorhinus sannio,那邦、盈江湿地公园、石梯村
白眉棕啄木鸟,White-browed Piculet,Sasia ochracea,那邦、盈江湿地公园、石梯村
白眉钩嘴鹛,White-browed Scimitar-Babbler,Pomatorhinus schisticeps,石梯村
红翅鵙鹛,White-browed Shrike-Babbler,Pteruthius aeralatus,那邦、石梯村
白顶溪鸲,White-capped Redstart,Phoenicurus leucocephalus,那邦、石梯村
白颊山鹧鸪,White-cheeked Partridge,Arborophila atrogularis,石梯村
灰椋鸟,White-cheeked Starling,Spodiopsar cineraceus,那邦、盈江湿地公园、石梯村
白冠噪鹛,White-crested Laughingthrush,Garrulax leucolophus,那邦、石梯村
白额燕尾,White-crowned Forktail,Enicurus leschenaulti,那邦、石梯村
白喉姬鹟,White-gorgeted Flycatcher,Anthipes monileger,那邦、石梯村
白头鵙鹛,White-hooded Babbler,Gampsorhynchus rufulus,那邦、石梯村
白腰文鸟,White-rumped Munia,Lonchura striata,那邦、盈江湿地公园、石梯村
白腰鹊鸲,White-rumped Shama,Copsychus malabaricus,那邦、石梯村
白眶鹟莺,White-spectacled Warbler,Phylloscopus intermedius,石梯村
白尾蓝仙鹟,White-tailed Flycatcher,Leucoptilon concretum,石梯村
白尾蓝地鸲,White-tailed Robin,Myiomela leucura,那邦、盈江湿地公园、石梯村
黄腹冠鹎,White-throated Bulbul,Alophoixus flaveolus,那邦、石梯村
白喉扇尾鹟,White-throated Fantail,Rhipidura albicollis,那邦、盈江湿地公园、石梯村
白胸翡翠,White-throated Kingfisher,Halcyon smyrnensis,那邦、盈江湿地公园、石梯村
白喉噪鹛,White-throated Laughingthrush,Pterorhinus albogularis,石梯村
白喉针尾雨燕,White-throated Needletail,Hirundapus caudacutus,那邦、石梯村
线尾燕,Wire-tailed Swallow,Hirundo smithii,那邦
林鹬,Wood Sandpiper,Tringa glareola,那邦、盈江湿地公园
花冠皱盔犀鸟,Wreathed Hornbill,Rhyticeros undulatus,那邦、石梯村
黄斑苇鳽,Yellow Bittern,Botaurus sinensis,盈江湿地公园
黄腹扇尾鹟,Yellow-bellied Fairy-Fantail,Chelidorhynx hypoxanthus,那邦、盈江湿地公园、石梯村
黄腹啄花鸟,Yellow-bellied Flowerpecker,Pachyglossa melanozantha,石梯村
黄腹山鹪莺,Yellow-bellied Prinia,Prinia flaviventris,那邦、盈江湿地公园
黄腹山雀,Yellow-bellied Tit,Periparus venustulus,盈江湿地公园
黄腹鹟莺,Yellow-bellied Warbler,Abroscopus superciliaris,那邦、盈江湿地公园、石梯村
黄嘴蓝鹊,Yellow-billed Blue-Magpie,Urocissa flavirostris,石梯村
黄眉林雀,Yellow-browed Tit,Sylviparus modestus,石梯村
黄眉柳莺,Yellow-browed Warbler,Phylloscopus inornatus,那邦、盈江湿地公园、石梯村
黄颊山雀,Yellow-cheeked Tit,Machlolophus spilonotus,那邦、石梯村
金眼鹛雀,Yellow-eyed Babbler,Chrysomma sinense,盈江湿地公园、石梯村
黄脚绿鸠,Yellow-footed Green-Pigeon,Treron phoenicopterus,盈江湿地公园
黄腰响蜜䴕,Yellow-rumped Honeyguide,Indicator xanthonotus,那邦
棕眉柳莺,Yellow-streaked Warbler,Phylloscopus armandii,那邦、石梯村
黄臀啄花鸟,Yellow-vented Flowerpecker,Pachyglossa chrysorrhea,那邦、石梯村
黄胸柳莺,Yellow-vented Warbler,Phylloscopus cantator,石梯村
黄腹树莺,Yellowish-bellied Bush Warbler,Horornis acanthizoides,盈江湿地公园、石梯村
云南雀鹛,Yunnan Fulvetta,Alcippe fratercula,那邦、石梯村
棕扇尾莺,Zitting Cisticola,Cisticola juncidis,那邦
